tenure,MonthlyCharges,TotalCharges,StreamingService,FiberOptic,ContractType,Churn
52,104.24749504468171,3271.805095304177,1,1,1,0
15,101.68709638898265,6420.56065272336,0,1,1,0
61,58.16694472665471,1711.8815135683008,1,0,0,1
21,85.39255622534994,4485.171099488061,1,1,0,1
24,38.850921689290004,5891.263238634431,1,1,0,1
3,47.711346891231834,4966.285057055415,1,0,2,0
22,108.33174976137254,1585.3954034617875,0,0,1,1
53,19.556693312828973,2907.5380926173416,1,0,2,0
2,26.84360735087404,6291.9550974346375,0,1,1,0
30,39.142568642175746,4478.389461642932,0,0,0,1
38,20.91648648931888,141.31394698901062,0,1,2,0
2,36.48426122652463,6111.827004221941,0,1,0,0
64,76.84567687745405,378.9597040278887,1,1,1,0
60,60.60316733454604,5991.296883576734,1,1,1,1
21,107.96350696323597,1699.5964253053755,0,0,1,0
33,100.40307795471331,7668.780492943104,0,0,0,0
58,52.602643845636536,3006.7319352864674,0,1,1,0
22,44.3220550598449,2682.759769070825,0,0,0,1
49,56.409087020810325,1276.215597626313,1,1,2,1
59,77.57464172273818,2514.2733023726973,0,1,1,0
42,45.190395902699066,7025.541018442785,1,1,1,0
60,80.97696523883798,7971.041267255254,0,0,1,0
15,59.395871045219664,3009.6452910041016,0,1,2,1
62,73.73074167562402,3644.0239845408864,0,1,1,0
62,62.08071617809933,5804.360411801623,0,0,0,1
47,47.843808833962726,7100.946665674089,1,0,0,0
62,113.56955734969675,4785.050240075595,1,0,1,1
51,94.99238231305596,3193.0530156048517,1,0,1,1
55,32.331374164528484,3359.7125427041274,0,1,2,0
64,105.53103157774024,5595.383357324774,0,0,2,1
3,67.23683542407612,125.42428247380158,1,1,2,0
51,108.15249880285619,4994.755765932741,1,0,1,0
7,98.63545322270518,2908.394782486723,0,0,2,0
21,60.98395719915796,6374.158917088966,0,0,2,1
39,20.508165486171798,834.626054602744,1,0,0,0
18,45.25207461818708,4746.797908892285,0,0,2,0
4,72.68423857341713,3899.6858301003776,0,0,0,0
60,81.9145610925278,5174.371654651297,1,1,0,0
14,44.167712386036825,612.3433964154499,0,0,2,0
9,32.25528544431883,4681.871920682237,1,0,0,0
53,102.16048879832957,4535.728244880237,0,0,1,1
2,117.18241916070698,4529.214745887751,1,0,1,0
60,71.08186332141992,4867.552566111993,0,1,2,0
71,35.503768227754506,5444.0967040882615,1,0,1,0
44,45.61688631519658,6459.413097478081,1,0,0,0
8,20.098262993020406,2231.5836890128935,1,0,1,1
47,110.13703005933014,6617.89034042249,1,0,2,1
35,30.083983830459182,4036.2198898812835,0,1,2,0
36,76.18990578918249,708.7604051612162,0,0,0,1
50,45.7925496790642,562.5523410274357,1,1,2,1
4,73.94488925283724,2740.48271769888,0,0,1,1
2,83.71774902936235,6300.686119180594,0,1,2,0
6,101.63905127257377,5690.679384453235,0,1,0,1
54,38.99533781194062,6330.058220912011,0,0,2,0
4,19.35508078017729,4186.425545888715,0,0,1,0
54,32.00700582191513,3577.5720838483753,1,1,0,0
63,108.70187350573457,1264.8749609796432,1,1,1,0
18,106.07595279503278,2692.722753513561,1,0,0,0
44,78.29001676811598,3528.7529927736146,1,1,2,0
34,78.60194447358217,799.9433944689762,0,1,0,0
62,85.08618579189867,1842.834426418569,0,1,0,1
14,35.87481350165668,4825.979823103537,1,0,2,1
48,110.14840056545846,5911.7386024895995,0,1,1,0
15,60.33643775165335,7986.945340004302,0,1,2,1
62,56.75542208907449,7471.595317614106,1,1,0,1
40,70.40122938092517,5176.2650763280135,0,0,2,1
53,22.97007966089303,3427.859621023169,1,0,0,0
24,34.96147855998598,5125.801181195038,1,1,2,0
26,92.42237845085023,6306.647782833833,0,0,2,1
60,26.57126612647521,1034.85590829476,0,1,1,0
41,78.86678700137202,3338.248628600677,1,0,0,0
29,42.90758552297275,6734.438056521376,1,0,1,0
15,57.37420921121864,3132.2803202710475,0,1,0,0
45,47.263720545455335,4617.790942694774,1,0,2,0
65,53.995108004727385,4743.377950811366,1,0,0,0
71,90.51411347101667,1557.3623997557509,1,0,1,0
9,48.11073242012909,2961.6599890530783,0,1,1,1
1,75.17366634983816,2742.639181061264,1,0,1,1
8,66.09306542100951,306.95399740331186,0,0,0,0
63,84.94895211894614,291.1149347417064,1,1,1,1
11,112.40138880213817,6670.40664503861,0,0,1,0
8,91.87349576963015,2257.259398785218,1,0,1,0
35,39.85150804837106,4192.822253286642,0,0,2,1
35,21.383905073659108,2459.932031351307,0,0,2,1
33,44.60753645213242,7531.36603641119,0,0,0,1
5,78.05533203537561,2148.4443950396126,1,1,0,0
41,23.41829425516716,3494.288820637587,1,1,1,1
28,68.13480784372425,6994.568978828354,1,0,2,0
7,78.23270631614736,6751.275177655289,0,0,1,1
12,51.84151102710456,1570.2012009855907,1,0,1,1
34,95.7266764764551,6440.882147386113,0,1,2,0
33,28.963124439944067,3719.676405229352,1,1,2,0
48,25.80134706444878,3915.4540894743063,0,0,2,1
23,91.43296999846214,1154.491782085956,0,0,0,0
62,68.04687727872295,736.7519586812848,0,1,0,0
37,87.43444084098748,5850.7205250927445,1,0,1,1
44,61.9501475296765,4022.043103606868,1,1,0,0
35,43.01340434053023,3551.1205506599185,1,1,2,1
65,100.56978292625708,5863.115006353934,0,0,2,0
47,98.59129583638241,6147.551902029767,0,1,0,0
3,88.06699532086989,1355.3745245878931,1,0,1,1
1,45.60058629161125,4920.778680873366,1,0,1,0
5,77.56818202034324,1169.2972499937157,1,0,0,0
14,54.52787664247269,6035.863179629461,0,0,1,1
27,27.453998369326733,5289.945734510402,0,0,1,0
9,110.4400143339554,7657.255506559318,0,0,1,0
15,32.000272407355624,644.7683292157274,0,1,2,0
42,113.74885405899064,550.7322970949091,0,1,2,1
51,63.073580182274554,2329.277890076281,1,1,0,1
63,36.85585934828127,2167.474901513657,0,1,2,1
52,72.711045211525,2051.132512668799,0,0,1,0
4,105.98105650557903,7259.41118611619,0,1,2,1
23,91.8386010841609,2071.414978811098,0,1,0,0
15,99.3093953600757,2248.402836416185,0,1,2,0
43,84.45772835442709,6099.246273101913,1,0,1,0
29,87.82379473404417,3652.944755359266,0,1,1,1
36,103.59416298231459,6236.013399945931,0,0,0,1
13,43.34163489034819,616.3926447586434,0,1,2,0
32,67.43720884613562,3951.812430019736,1,0,2,0
71,40.481548902870024,365.5474414479328,1,0,2,1
59,117.51063480366302,594.9603072973007,1,1,1,0
28,113.12796363850464,7260.855881420846,0,0,0,1
66,22.21239454253484,1200.0384318290019,1,0,2,0
42,89.16030483782669,4306.123389974216,0,1,1,0
45,111.23745590027441,3347.6552605455818,0,1,1,0
62,36.39782218529702,2844.0122774448573,1,1,1,0
57,75.32849567053927,7208.683430929453,0,0,2,1
6,110.25657390759821,272.40483452636704,0,0,2,0
28,21.661570847872785,5343.938520787154,0,0,2,1
28,88.34073685830741,7710.816030287048,1,1,2,0
44,48.133575240941354,4525.328649348551,0,0,2,0
30,111.1518176353413,7500.897450061426,0,0,2,0
62,115.84135363911946,512.8372463595878,1,0,2,0
62,113.14878215590011,3408.467220685875,0,0,2,1
1,65.90852877407511,2155.2465486002043,0,0,2,0
27,104.885286424426,5873.485623347766,1,0,1,0
62,103.12721455277457,7852.247014928249,0,0,2,0
3,50.319597560947194,2126.5874933095574,0,1,0,0
70,101.55600515214307,5267.979351645188,0,1,1,0
27,21.96926728890701,1664.9712988019471,0,1,2,1
9,78.17512278744633,4566.109011115718,0,0,0,0
62,41.365888147414154,3765.066644837856,1,0,2,0
37,30.366972020616522,7778.842104089143,1,1,0,0
51,25.98379676373552,4907.365454302086,1,0,0,1
44,88.22702197575305,2861.1003394858685,1,1,0,0
24,52.407433858690645,1001.3567006146736,0,0,0,0
59,91.08906053864052,1294.849947005983,0,0,1,0
32,24.818312250293708,1880.0037466147571,0,1,1,0
52,49.93667895197634,2082.636624588354,0,1,0,0
62,72.46887488372138,6819.866856944988,0,1,2,0
58,97.71767806631584,4533.660027431947,1,1,0,1
52,50.284626544673024,4234.788199857495,1,1,1,0
12,81.15208333191941,1006.674087766818,0,0,2,1
39,107.2907636977368,6895.103577460536,0,0,1,0
2,80.14425041232161,5810.232995347022,0,0,1,0
3,41.6624272127402,634.5800590100125,1,1,2,0
56,20.70227854643207,5691.897268115173,0,1,0,0
59,105.69493682704345,4393.951917006904,0,1,0,1
2,20.387575790463906,745.6302313995482,0,1,0,0
2,106.15751810476203,3720.575068076386,1,1,0,0
54,71.40818196973481,3929.1006683273713,0,1,2,0
1,112.62630370054606,1409.6188672898784,1,0,2,1
19,98.52771519525338,7571.01536130223,1,0,2,0
2,118.54237810860042,6814.805434697229,1,0,1,1
53,53.496537452896874,5385.2764648999555,1,0,2,0
44,95.35242303757825,3752.1349319047968,1,0,0,0
32,58.64405681772884,3352.9477785176173,1,1,1,0
70,66.47749984054283,5242.6903904925375,0,1,0,0
32,81.31429905344619,4408.911768314553,0,1,0,0
68,106.05454997572704,591.9575364668964,0,1,2,0
55,117.15038865452917,4148.77092528562,1,1,2,1
56,95.46147809338407,6470.588576139432,0,1,0,1
17,60.23556160781704,3727.9950330159686,1,0,0,1
38,60.59637872884555,510.45696267872046,1,1,1,0
24,92.3770213096836,6311.597775133861,1,1,2,0
69,42.247103149714384,1690.7738788741976,0,1,1,0
70,29.352648369705165,2143.1045956155062,1,1,1,1
11,53.88952684289804,1401.1801921151375,1,0,1,1
16,47.11751866123521,2708.6990124848307,0,0,0,0
59,48.028966105827,6078.336894940217,0,1,1,0
70,41.72757898051595,4203.148290081105,1,0,1,0
3,22.48036555845437,1718.5620657906293,1,0,0,0
20,20.04633044070809,7034.857617401122,0,1,2,0
59,117.51610016847117,7048.6966541170805,0,1,2,0
36,61.241199940454166,6977.569557863455,0,1,1,1
19,56.87482803954801,1986.4900699141604,1,1,0,0
67,86.55455191065352,3664.790819029806,0,1,2,0
19,40.184515730438946,7881.418283512913,0,0,1,1
20,113.72109898699765,6198.898562848924,0,1,1,0
71,97.27767394876298,314.62262768192255,1,1,0,0
52,27.235805732382083,615.1162709578872,0,1,1,0
33,60.2168679663853,3765.0578768174287,0,0,2,0
40,106.60138990999755,7282.839626306325,0,1,0,0
39,113.19556824028673,4355.744203826443,0,1,2,1
1,65.2238518806119,4032.7188134708927,0,1,2,0
11,79.89784461567612,933.2422296573816,1,0,2,0
57,35.03691158225356,5288.562827321923,1,1,1,0
50,117.86244692676614,6594.614968741781,1,1,1,0
23,41.53300598903606,3105.3180593097422,0,1,2,1
31,112.99454330058013,6227.333622310087,1,0,2,1
42,83.53948822373303,7719.365565816412,1,1,0,0
7,79.32754788532534,1709.755027108744,1,1,0,1
16,69.7751953571591,4234.304086438457,0,1,1,0
60,41.43231607763475,2368.3898688681466,0,0,1,1
2,35.99106721655358,6363.549910367331,1,1,0,0
1,40.40886401155262,4662.9875904611445,1,1,2,1
48,36.98704534549758,5113.2010986474,0,1,1,1
12,96.59823959345871,6403.521860965563,0,0,2,0
69,53.43758854625637,3228.166734033394,1,0,0,0
37,24.063188994621335,7329.211540415641,0,1,1,1
32,115.64481432915154,4310.928051244506,1,0,1,1
9,107.07048143882429,1347.8431003992494,0,0,0,0
19,111.4891044611189,5597.603033533539,1,0,1,1
48,118.23823617596675,6366.76466846221,1,1,0,0
3,35.72647254655847,2602.4172488334607,0,1,1,0
20,58.07232289971721,6871.716130290149,1,0,0,0
24,94.45296680826118,7258.531712649555,1,0,1,0
54,88.20007211440613,2287.5454502846906,1,0,2,1
33,33.71653858715543,7869.819634450254,0,1,2,0
24,100.24122906155709,1211.6210715851914,0,1,2,1
36,40.8062774695844,1695.9237803796707,0,0,1,0
38,40.74367028967362,1555.3762299804064,1,0,1,0
25,72.21592950078806,7162.518709062177,0,0,2,0
18,77.84046345159118,5268.911163367199,1,0,2,0
66,76.54866388770003,1301.6238374559557,1,1,0,0
54,27.444427158474365,3578.555005109957,0,0,0,0
35,106.43481669435323,4960.854398051436,0,1,0,0
61,44.942804280164964,759.366271416128,1,0,2,0
41,31.26624958892182,7071.089310417976,1,0,2,0
33,107.56918202683221,6448.467929988128,0,0,2,0
68,114.29297557209021,4091.133511255442,0,0,0,1
33,104.89382553517778,7740.300260547447,0,0,1,1
14,99.60636550985025,3400.311736273288,1,1,2,0
21,84.10181905422168,7874.4715203883325,1,0,1,0
48,73.6111657462185,5376.567990548654,1,0,1,0
20,26.99216937109672,5113.903058706138,1,0,1,1
8,59.29954791360522,1411.0436728367015,1,1,0,0
7,55.70519595973755,7067.229290606688,0,1,1,0
67,44.35525526791278,3477.1685345728597,0,1,2,0
17,90.95372142570278,1381.6439056815868,1,1,0,0
33,68.08551137541647,199.59940780849644,1,0,2,0
48,26.395144698718617,4522.069900743222,0,0,2,1
59,40.37841179595604,4266.457014769143,0,0,0,0
22,86.91750574778939,5782.893616716353,0,1,2,0
30,25.901151378775168,7133.038618840637,0,0,2,0
38,103.79629486190126,727.3120186799332,1,0,0,0
51,68.01222596490442,5878.822273688863,0,1,2,1
54,66.54895102132812,1580.5543583708995,1,1,1,0
8,77.78698235828152,6879.598719941595,0,1,2,1
27,101.13043707547749,6570.601759507083,0,0,1,0
27,53.2048253941704,4372.270664385801,0,0,2,0
21,86.39062333218588,5710.918109124161,1,1,0,1
30,75.106062381577,2583.3658941516123,1,0,0,0
28,45.08634115202685,3822.226401569236,0,1,2,1
64,106.55231362869338,6590.931491912726,1,1,0,0
69,98.39131517149627,3728.19505766839,1,0,2,1
61,84.42440938317176,2926.60629607099,0,1,0,0
48,103.73346377397131,4004.2783332773693,0,1,1,0
19,105.41306719646013,6643.169094254025,1,1,2,1
4,89.440479159861,2748.1435742298945,1,0,1,1
35,102.36983950054903,1472.716585772376,1,1,1,1
64,88.34588189776301,5724.910760613168,0,1,2,1
49,86.6041475619102,6625.227880393846,0,1,1,1
17,80.42044351062603,895.0360803359133,1,1,2,0
44,93.89802227554294,1995.0054907719634,0,1,1,0
30,34.18981308195391,1221.5787191118518,0,1,2,0
46,106.7775112994923,2848.7371514991164,1,1,2,0
6,105.87027453839582,3657.77273335276,1,0,0,0
37,21.189351944973193,6015.728062010121,0,0,2,0
24,101.24458343175864,5244.0659205652255,0,1,2,0
46,31.201421681081243,5005.3356830796065,1,0,1,0
53,51.92944485304376,2883.76207821627,0,0,2,0
60,92.97257975730658,6747.435669369604,0,1,0,0
63,34.406369552854976,3823.1686224455,1,0,1,0
32,100.45568592396575,7834.929010319721,1,1,1,1
33,101.87948488475307,5109.7228925363215,0,1,0,1
67,69.25050724296403,1097.4914583595717,0,1,1,0
18,18.891780107541774,5441.802740395929,0,1,1,0
25,47.09733238407873,2668.3217219104217,1,1,1,0
54,80.2511552967621,5521.9848538201695,0,0,1,0
58,116.85921089175606,650.1650704830054,0,1,0,0
67,81.74725946517518,1481.563353690079,1,0,0,0
46,44.36025989694806,6860.3243453557125,1,1,1,0
24,81.96757316151094,1894.7185004857677,0,1,1,0
32,72.51853066144348,6712.624889419227,1,1,0,1
47,96.62446221268993,2306.2810987898424,1,0,0,1
23,29.00155420210932,5178.76708946379,0,1,0,0
66,94.73330420145382,5583.789530727665,1,1,1,0
27,72.64729115694908,4149.972549845918,1,1,1,0
2,115.03069638782897,2511.954345904177,0,1,2,0
17,52.608152686887955,1779.8905733316594,1,0,0,1
33,81.82850025996179,362.19590104316717,0,1,1,0
9,111.91882460375676,2501.176569801718,0,0,0,1
43,28.552227663063263,5259.986045197135,1,1,1,0
48,112.44146296726333,7512.608065743013,1,0,0,1
39,87.38251509123174,6982.515409878111,1,0,1,0
42,25.06762444006978,6151.91173462889,0,1,2,1
26,48.496838478155034,6328.73401170106,1,1,2,0
50,89.4212949088508,5353.380737460363,0,0,0,0
25,25.018735447611554,2156.2661747714237,1,1,1,0
24,76.75813124771545,7266.840742576056,1,1,1,0
13,53.01124722377215,5398.785264056089,1,1,0,1
60,80.65200953563145,4527.480984745475,0,0,1,1
7,22.84707439815754,976.8168067865005,1,1,0,1
57,105.83944901831381,3631.738796070761,1,1,1,0
36,116.08564140232839,3736.830342495218,0,1,0,1
45,115.622224456212,6930.052515229093,0,0,1,0
20,93.59000909016393,4418.520939483529,1,1,0,0
65,31.323667133128513,3105.164336866236,1,0,1,0
8,94.45545119086677,7816.722595234209,1,1,2,0
16,20.720985104109552,974.6926872778938,0,0,1,0
14,20.473416928664225,3438.1325836643623,0,1,0,0
15,50.772827024528894,431.9949338541018,0,1,2,0
66,67.3586406356689,5945.24255405875,0,0,1,1
32,95.67594548968322,7352.80476237329,1,0,2,0
63,86.92118534895377,2312.2949034488665,0,0,1,0
51,63.063221990863205,6880.899246713055,0,1,2,0
25,45.74947996130742,2408.5240206489925,0,1,0,0
58,118.46101226584997,7295.0842769869305,1,1,1,0
63,61.08122087471528,6056.299038414593,1,1,1,0
62,63.61439594513239,6458.763537047365,0,0,0,0
22,34.694194029762755,242.25178924359054,0,1,2,0
58,98.12835964936791,7706.201820884805,1,1,0,0
58,87.9650636910396,5840.700837355554,1,1,0,1
49,40.43734608527042,2507.5336535504534,1,1,2,0
52,26.52929508439219,6652.217852384891,1,1,0,0
42,86.64017985850866,2324.0174674779464,1,1,1,1
70,84.0283770352541,6994.755332572411,1,1,1,0
15,45.71258246332003,989.3850842543025,1,0,1,0
54,113.81178800616624,5659.1192219402865,1,1,0,1
60,33.431318123980475,4371.5179654947915,0,1,1,0
8,61.699647504781495,862.6223145439824,0,1,1,0
53,113.0833999768437,2010.961243244828,0,1,1,0
60,60.43259535107529,197.99188659078683,0,0,1,0
5,82.4218577402406,3803.266927169596,0,0,1,0
68,58.208236995260826,2479.995560004003,0,0,1,0
6,45.80862783604134,4827.0241259522945,1,0,0,0
47,117.13975361996273,2448.178680898076,1,0,1,0
55,59.38806763466182,2469.360980905179,0,0,1,0
40,108.10696996975301,5971.2262699796665,0,1,2,0
52,41.360437892054165,480.32840422899227,1,0,0,0
16,39.66702275452087,7232.870462016699,1,0,0,0
13,21.378975329893393,6832.884607690334,1,1,0,0
30,83.74251595027644,5375.6569974886115,0,0,0,1
19,55.286897544237995,4786.450403848336,1,1,1,0
17,105.11800410888353,7149.189735303253,0,1,1,0
63,65.8075956225015,1564.108418276844,0,0,2,0
19,115.55343950542954,723.856381307546,1,1,2,0
58,36.89531432816368,1992.130342285351,1,0,0,1
55,105.54662837953889,6377.168401731503,0,0,2,0
62,96.29798370557005,373.8951071392182,1,1,2,1
23,95.72764538672723,4704.173997159568,1,1,0,0
9,103.15071442574721,7963.956377911349,0,0,0,1
12,94.73291108977139,6859.999141316562,1,1,2,0
1,81.18514232395725,4219.420943444356,0,1,1,1
58,31.44011020707995,602.7631833644746,0,0,2,0
1,21.518881038870816,6667.850763647108,1,0,2,0
34,110.79520870547653,4831.930214599964,0,1,1,0
48,80.22335660933418,1007.9706767705779,0,0,1,0
1,98.30199774310572,841.472550104514,1,0,0,1
16,66.64299632701128,7286.05187354908,1,0,0,0
61,30.039472990720647,5386.682077210819,1,0,2,0
64,30.83117211635632,6651.365714602369,0,0,1,1
63,87.14931136651163,7043.933312229912,0,0,0,0
69,61.495742437396004,4617.001581181746,1,0,2,1
22,38.40273503338384,4187.826178864826,0,1,1,1
67,67.65525194751442,3500.3765415358225,1,0,2,0
26,24.702998176050976,2603.8780435498425,1,1,0,1
16,76.73812589239708,3533.308090783823,0,1,0,0
51,45.28383714572732,6213.649280268235,1,1,1,0
57,98.40468961403741,4855.195105019539,0,0,2,0
29,49.44137687181916,7150.933990643284,0,0,1,0
69,63.99962498272102,3602.702113595583,1,1,0,1
47,19.417864260764112,4896.0076718781565,0,0,0,1
62,25.530912223353166,5087.329669426711,1,1,2,0
69,57.69560241887182,4774.407582219972,0,0,2,0
16,66.4838528890709,5650.806807375579,0,0,2,1
48,78.55206508599002,1975.7244001609697,0,1,1,0
39,47.56208916028498,4147.673842611746,1,1,2,0
33,88.09567955571752,923.3759421859467,0,1,2,0
23,104.69230091751506,3137.6394883940193,1,0,0,1
10,96.62502438378165,3952.5698421079887,0,1,0,0
69,22.231691947509894,5252.5716504092325,0,0,2,1
34,66.54094819941182,7609.195315431008,1,0,2,1
52,28.795482931026577,4845.143425732012,1,0,0,0
10,42.57552409418401,5974.391937794822,1,1,2,0
19,117.40959062334822,4099.501870012102,1,1,1,1
58,32.57080206160208,5109.421847873017,1,1,1,0
1,68.38825942186128,660.3645074568101,0,0,1,1
69,80.37465129897097,2109.6934886505915,0,0,2,1
4,88.84772953968245,2958.639436320596,1,1,0,0
16,74.49469269043487,3832.6975045514573,0,0,2,1
24,19.231970165627956,460.6250894688315,0,0,2,1
2,51.05936147852118,1206.1903706712096,0,1,0,1
32,70.2800201601635,2286.833031551316,1,1,0,0
24,27.080583164055753,7775.1082581183,0,1,0,0
12,53.488006586522665,2717.641356114101,0,0,1,0
50,21.58691243353234,3908.124359085452,0,0,2,0
35,26.147138964079584,1649.171930633304,1,0,0,0
33,58.140789258260405,4925.16256149857,0,0,2,1
33,31.587933281327565,2317.397402576197,0,0,1,0
61,75.2878552502866,1735.2413696635715,1,1,1,0
51,87.5412293982952,4180.923764723235,1,0,0,0
43,98.70896326046282,143.4958133673245,0,0,0,1
12,38.36509954660342,160.54585792888008,0,0,2,0
67,35.08199951703651,1830.6435919046764,1,1,0,0
65,28.759067953607225,390.098763756487,1,1,2,0
33,82.21124007913548,953.4034576324618,1,1,0,1
40,89.25081051193357,2776.9991297761376,1,0,2,0
43,21.424407554977023,6440.426868680522,1,1,2,0
44,112.33933074749082,4619.184282617477,1,1,2,1
29,23.473114006972978,4150.07503505569,1,1,2,1
13,72.65028169775758,2418.561703344161,0,0,1,1
12,89.5105822048171,7460.8543835192495,1,1,2,0
46,105.7823969364816,3236.418825773814,1,0,0,0
2,90.015736679309,788.0328576865948,0,0,1,1
35,98.82367234851408,4974.82547733063,1,1,1,0
8,52.36474435055201,999.3233084651512,1,0,2,1
26,100.13992393152448,2827.2628281333673,0,1,1,0
34,26.301542061659852,4108.55431587069,1,0,2,0
7,108.17907393408302,7006.357945012889,0,1,0,0
68,73.2830338034505,3999.0179846869373,0,1,2,0
58,100.38842588123062,5647.844251650147,0,1,1,0
29,63.70798759408916,7943.253028092656,0,0,0,0
36,82.92955836725076,1138.764047194055,1,1,2,1
21,71.15346742407938,2270.379051604204,0,0,0,0
36,91.77474693641085,3217.1509972214067,0,1,0,0
10,26.45381319407425,3432.442610456768,1,0,1,1
24,24.315384441051663,3347.0664945978115,0,0,0,0
64,43.08387501801972,7270.126920196783,0,1,1,0
49,34.28424035137543,5740.857891288166,0,1,0,1
36,105.86424844251627,4902.45119131656,0,1,2,0
24,40.281005729483454,2544.0444711159785,1,1,0,1
23,116.3244582098227,6607.944035348228,0,1,2,1
62,52.10802707299624,7644.978040731413,1,0,2,1
37,36.55285052671428,6587.46643214679,1,1,0,0
12,97.61469996781915,112.36433101263594,0,1,2,0
55,84.45013143783805,5127.570824448915,0,0,0,0
13,68.31866950354046,503.96951339259573,0,1,0,0
23,74.06403686923194,2135.0970406364027,0,1,2,1
30,90.52977871636251,570.2451327473964,1,0,2,0
17,41.20970150379552,4869.984078300163,1,1,1,0
62,118.38155856370257,5524.060316591594,1,1,2,1
13,116.2167127957517,1004.4523407206505,0,1,1,0
59,83.60773147786716,3132.327176055338,1,0,2,0
19,38.304016318379084,3704.268420748782,0,1,0,0
49,86.61293836434477,3015.518871911241,0,0,2,1
12,25.505940102407173,1056.097503833025,0,1,0,0
61,21.33057647168351,3409.687542481056,0,0,0,1
19,44.147130295376975,6034.306577686503,0,1,0,0
9,64.74360715230128,660.9605498127182,1,0,1,1
71,105.51138679354224,733.4221112470373,1,0,2,1
28,91.33049151151396,2902.6932055042753,0,0,0,0
52,92.89200538059809,7539.633121789508,1,0,0,0
16,61.012080112031576,5381.723909111021,0,0,1,0
69,53.01646675096978,5461.492657713262,0,0,2,1
12,55.53939567995257,2959.1679276191335,0,1,2,0
25,117.50878115547381,4789.920250547453,1,1,1,0
52,22.28097373695449,180.0363538191727,0,0,1,0
53,105.38666536030608,5125.1587666353835,0,0,2,0
23,76.40687856152553,7314.96688585227,1,0,1,0
16,62.33084962855384,4939.330399924072,1,0,2,0
57,91.13839487172122,7002.218888384125,1,1,2,0
39,67.16022861318264,5819.387138182141,0,0,0,1
53,106.02903542720689,1052.411489589153,0,1,0,0
42,108.77053733313149,7229.381127558149,1,1,2,0
58,60.63295315078227,624.9063704106215,0,0,2,1
39,46.071193622122685,4318.343033127334,1,0,2,1
14,77.7812080236329,1222.8832779683155,1,1,2,1
5,109.94251623447744,192.48222477414214,0,1,2,0
35,39.42154999506949,3434.0706550083482,0,0,2,0
18,80.85814164813002,2430.8215904678345,1,0,1,0
9,81.72180211929832,3939.403901001064,1,0,2,1
58,91.92785875273574,4659.879105202951,1,1,1,0
17,31.472552355289608,445.53867124068415,1,1,1,0
7,90.1904089505499,1071.7260314775904,0,0,2,0
46,109.60776832689692,4513.27493195836,1,1,2,0
13,36.30815244145931,2811.022090064,1,1,1,0
40,42.1231041548497,5860.470551640639,1,0,1,0
42,115.87520695118478,5253.1040238763235,0,0,2,0
9,36.438183747303725,6780.274467620264,0,1,2,0
50,104.1157018836427,5570.69333068688,1,1,1,1
27,67.72392457302749,3496.4555113821702,0,0,1,1
66,43.09672297751929,5416.436316916016,0,0,1,1
5,105.7603650778874,2275.5112766178063,0,0,0,1
29,63.00317812776788,2519.8766403478803,1,0,1,0
37,69.98914406993387,6332.982763374267,1,0,0,0
38,54.35295362467645,3626.7141795724992,0,1,2,0
8,77.8415605692102,6407.2046900949845,1,1,2,0
65,34.684149194794784,6597.136751979399,1,1,1,0
17,57.55369443350195,6874.742467524142,0,1,2,0
71,115.6759383946964,7341.418363145538,0,0,2,0
45,44.19240998646332,3504.7832420550403,1,0,2,0
4,84.25203478639986,2619.047864736997,0,0,2,0
36,50.93160145458184,4699.370098093499,1,1,0,0
70,95.98404913150337,3032.2621451572577,1,1,0,1
31,31.402802902194157,4848.48591772184,0,1,1,0
19,115.71701503039374,5674.128314886215,1,0,1,0
61,63.855848909055744,5538.399646087882,1,1,1,0
54,41.97307156631963,3058.9678074589588,0,0,2,0
39,25.63642310666627,1418.1955934201474,0,0,2,0
19,35.31066946129785,3501.1817738514396,0,0,0,0
39,70.48728182987978,1226.493738247079,1,0,0,0
67,52.118819231344276,7131.766577952086,0,0,1,0
45,101.55277827120226,2832.4319398290736,0,0,0,1
13,61.5541961280115,1320.232003064258,0,1,0,1
58,43.2457843950568,301.03730325543194,0,0,0,0
20,80.27307115370502,5201.996851663225,1,0,0,0
61,89.28111029698731,5131.528307892471,1,1,0,1
39,35.03771174404546,2790.772915992204,0,0,1,0
1,35.09573123697592,666.523921896443,1,1,1,0
3,21.93547840682107,3336.068269672333,0,1,0,0
62,92.25840251409687,2558.6182110008094,0,1,1,1
63,84.96235502599141,5449.253053906574,1,0,2,0
25,65.9504030128563,4885.656070676254,1,0,0,0
56,103.08913012140431,2980.290452760566,0,1,2,1
33,99.21985037148035,1821.3511786144218,0,0,1,0
38,77.0781136218736,7905.484132629175,1,0,1,0
6,105.5112636915825,3686.6128074493076,0,1,2,1
58,38.93704160869521,5537.366462663873,1,1,1,0
44,29.49792174947165,1210.3684438690502,0,0,0,0
45,45.359835957457456,3936.1586273092425,0,1,2,0
32,23.987229036976142,317.54008696877736,1,1,0,0
45,71.63253756410371,4093.095431492555,1,1,2,0
61,112.37887207564363,7715.737516229849,1,0,1,0
47,22.20402583718522,3135.233032587822,1,0,2,0
21,30.522046358007692,408.06849934180156,1,0,2,1
36,63.696002342485244,344.55074826281384,1,1,0,0
19,112.10443926155445,3165.095403580269,1,0,1,0
20,50.02368855016343,1364.196998059233,0,1,0,0
57,69.22709827318343,284.48156099266873,0,0,1,1
18,22.428072334564405,6074.087550206397,0,0,0,0
47,33.15849169668993,3722.331770166936,1,1,2,0
49,117.4063273573641,2385.033698583971,1,0,0,0
14,115.24442899182257,7210.657145830198,1,1,1,0
15,18.746468083908166,1017.4977855841523,0,0,1,0
31,113.90708443503551,7651.758748747022,1,0,2,1
1,82.48155375045779,2580.3370672810875,1,1,1,0
54,105.47578859926222,7118.389011238582,0,1,0,0
3,63.95135549120284,4863.248724187746,1,1,2,0
16,70.06740087221465,6630.9881419577505,0,0,1,1
57,67.37908131582049,7873.703989362668,0,0,1,0
12,85.26985788338348,2378.402958768091,1,0,0,0
16,32.28495110300945,7692.970334719985,1,1,0,0
24,21.262345782204136,3176.9069697291206,1,1,2,0
28,49.19695912991469,3145.544047421686,0,1,1,0
8,89.070416655033,2789.058123610595,0,0,0,0
36,38.53627193835631,4377.120098045923,0,0,2,0
8,85.92995954915419,1317.745841110048,1,1,1,0
58,115.72616063378068,4474.320734328288,1,0,1,0
60,27.687021936836548,4379.468018039031,1,1,2,0
50,85.84651288162519,6119.024319578473,1,0,2,0
28,62.8468970401094,6685.834699306926,0,0,0,1
41,105.4982965649393,3579.48666746815,0,1,1,1
64,36.05355383946228,2488.4326698768004,0,0,1,1
27,87.85890819872954,2148.7456888050465,0,0,1,1
63,102.48058660963508,1637.5283099684882,1,1,2,0
17,113.18372905713933,555.4158993722965,1,1,0,1
33,86.9164268431094,2805.339032794235,1,0,1,0
29,68.21606378284694,2234.9567678331878,0,1,2,0
13,80.34364764022199,7734.697348344618,0,0,1,0
46,105.57495094011118,4505.899727375347,1,1,0,0
35,75.59627953720238,2843.4886083410097,1,0,1,1
6,21.303899499532104,4685.694047850198,0,0,0,0
69,111.81034389845126,1199.6539406309944,1,1,0,0
47,87.54743847867189,3607.945618697403,0,0,1,1
25,86.23959527061328,5047.251139226404,0,0,1,0
66,39.92535281597058,3962.292871160366,0,1,0,0
10,84.46798975838205,3274.0525251691615,1,1,2,1
56,57.833372768242924,7951.402272307616,1,0,0,0
30,83.69891419266996,7054.486620976523,0,1,1,0
5,28.96259954595307,5024.907069459577,1,1,1,0
33,84.36345311260511,4598.081153340034,0,0,2,0
65,118.69107943995199,5003.217790614214,0,0,0,1
18,23.09530990548588,1690.3656517972227,0,1,0,0
49,116.45600551424239,3221.588171788117,0,1,0,0
11,59.144250052648495,411.73030983810463,1,1,1,0
26,105.76072175889455,3856.813696145931,0,0,0,0
63,96.87974114785648,4389.894213265539,0,0,2,1
59,75.23513422916011,1899.2229152153557,1,0,1,0
27,92.46414552975831,7715.827892607558,0,0,1,0
49,106.54081391078546,7284.691426404212,0,0,0,0
33,58.866102325928814,5804.931560101656,1,0,2,0
1,51.11683273710549,4313.754367246364,1,0,1,1
21,85.34313524914026,6972.756361216711,1,1,1,0
55,99.43851716509648,1132.153516205357,0,1,0,0
6,94.85965604504989,6345.027374771591,1,0,0,0
69,98.43027171029277,1086.0844303381016,1,0,2,1
5,62.02612313869977,6374.2642341403025,0,0,0,0
3,100.44233872558968,2278.56378918572,0,1,2,1
53,30.33101006474615,7029.015590043692,0,0,1,0
23,72.97115434506537,7557.932541220643,0,1,2,1
53,18.828745380061218,1275.4881583004135,0,1,2,0
37,50.87087590497716,3755.1372800166087,1,1,2,0
17,55.07938425457549,7849.800287485213,1,1,1,0
1,58.065355506730164,3918.9187441878585,1,1,0,0
51,88.14445427233115,6922.025427864906,0,0,1,1
45,57.30008917766975,4750.979024837427,0,0,0,1
4,63.343709073564334,3065.106272564855,0,1,2,0
62,42.12318515286991,2357.6900886543744,1,0,2,0
65,55.76180505874868,1705.4624195800895,1,1,2,0
32,41.09059753994673,6118.205711883808,0,1,2,1
34,25.606190338728585,3153.67000390192,1,0,2,0
39,78.89658363482849,4139.076151385934,0,0,0,0
26,85.40538625477913,3989.371292009337,1,0,0,0
34,80.50877977396627,4660.504330941737,1,0,2,0
54,64.83115140195753,6938.059450433962,1,0,1,0
3,56.418470908012594,7847.840814309092,0,1,1,0
50,105.01503178196843,3319.915247733154,1,0,2,0
12,70.41771940618992,6637.3994846397945,1,0,0,1
65,66.40777870178796,6139.769577772269,0,0,1,0
54,20.827027613546786,4630.878716499029,1,1,1,0
5,52.54540667642871,7652.772434534271,0,0,1,0
57,56.459659687978636,1683.748672674382,0,1,2,1
17,58.3316894801385,963.1872614460092,0,0,1,0
47,76.55732310734689,6846.299538947835,0,0,1,0
23,71.87705594605129,3569.2835514066114,0,1,1,0
14,79.34446182574118,6791.053948235778,1,0,1,0
66,95.1207677849839,7155.412621043778,0,0,0,0
51,99.9550667409674,593.4149895906644,0,1,2,1
38,90.4213691607627,7079.37162758988,0,0,2,1
64,114.28013144347094,3641.720537418435,0,1,0,0
38,20.082374558974344,4132.416663133435,1,1,0,0
50,37.92568756119638,5050.080837636361,0,1,2,1
30,19.010068935303284,7418.422593167686,1,1,1,0
51,83.3212087725376,251.01714599513585,0,1,1,1
63,108.50207016947368,3867.063399710755,1,0,2,0
52,42.71997080591808,5533.00413520143,0,0,1,1
38,111.41697175202881,5809.384965816005,0,0,0,1
30,24.306872724100867,5571.006209143153,1,1,1,1
51,112.1608206939542,1162.0375223241626,0,1,1,0
5,53.588080067583256,2465.225148136282,1,1,1,0
29,28.44279325914626,2933.852650794406,0,1,2,1
4,67.08011179822573,6455.053940668089,1,0,0,0
10,44.05604505591105,2302.2029920749687,0,0,1,0
56,46.87972664717324,1764.569214550905,0,1,2,1
17,49.1326414750918,7663.83935040096,1,1,1,1
17,98.95410273218268,170.0199523964043,0,0,0,1
69,72.43570830586307,7982.784759887628,0,1,1,0
34,49.53642376517837,5446.8882609734255,0,1,0,1
6,79.58854522274729,6644.907465648025,0,1,1,1
53,90.22314275943096,2427.493231134926,0,0,0,0
66,45.64871207372015,213.0906935697738,0,0,1,0
43,59.81168470329783,5929.169196636088,1,1,0,0
23,30.499552380363227,6689.742316305339,1,0,1,0
55,36.455509628235376,5949.761442432801,1,1,1,1
16,86.70234432348077,1228.517269676625,0,1,2,0
8,36.4845539434105,6052.0805858300555,1,0,2,1
4,71.02892005853954,6174.489978650364,0,1,0,1
4,89.50914930310448,5302.470073793434,0,1,1,0
56,28.991130771021755,6152.315869085131,0,0,0,1
25,75.2648780727048,6782.779373454084,0,1,2,0
67,44.034559761987055,4947.472502475922,1,1,0,1
67,115.02415096137678,799.9772403604646,0,1,0,0
27,66.84633749535243,3952.2596963709657,1,0,2,1
32,99.25225125240338,713.42974390568,0,1,1,0
50,73.54776748670432,3319.5899451562036,1,0,0,0
61,22.612959551909327,3316.141264092458,1,1,2,1
51,81.88171324719924,621.4777687079085,1,1,1,0
19,113.86603589176903,2855.6822183588865,1,1,2,0
21,78.71198792470628,976.8849804513873,1,1,0,0
5,100.57848037239242,6485.058159072855,1,0,1,1
42,107.11274956651498,7586.735405119319,0,0,1,0
61,41.17201708086772,671.300154537715,1,1,2,0
22,39.56050641077678,7645.410137604441,0,1,2,0
21,79.65358937952467,4228.355134760287,1,1,2,0
70,59.558361215573825,2466.5688558356037,0,1,1,0
1,102.6560609381054,707.2103946816917,1,1,1,0
5,108.70232390150012,4054.9317177563007,1,1,0,0
12,53.76884861992317,6376.672801476914,0,1,1,0
46,42.05549117693545,5685.983170406916,1,1,0,0
34,96.69281428200811,496.7854905653927,1,0,2,1
49,45.868006572587674,675.9244994064377,1,0,2,0
45,100.92273901062468,3282.698932797833,0,0,1,0
27,60.835694491700664,2432.794902978752,1,1,2,0
26,85.33876487879279,1935.836152142778,0,1,2,0
47,27.851299040384152,2319.9355413788376,1,1,1,1
56,80.94786212999558,6447.513672045388,1,0,0,0
63,63.65265171309153,7440.901623691646,0,1,1,0
48,77.20415054913515,3300.3112867677746,1,0,0,0
61,35.13542787835877,7258.276916846727,1,1,1,0
26,92.3058113668903,2639.8160398582677,0,0,1,0
36,104.96110629309447,3863.8521921159536,1,0,2,0
1,40.032349909122956,1885.629082746398,0,0,1,0
8,27.869312829776256,5159.760733189168,0,1,1,1
52,20.625677897656807,7833.95080988099,0,0,0,0
47,82.76813579454823,4867.595458742691,1,1,2,0
56,79.26295062692247,2926.731264497036,0,1,0,1
14,73.19308997776403,5217.757823325174,0,1,0,1
28,41.560683159655525,1071.0733598765619,1,1,2,0
2,57.536052588504226,7120.406734096649,0,1,2,1
26,77.99487168621039,4074.363211160707,1,0,2,1
14,68.17506931534652,3649.862962113172,1,1,1,0
59,117.52244478159618,4728.3318287828015,1,1,2,0
56,31.96219513195168,5035.792516036279,1,1,2,0
7,88.11202768178318,667.028869189453,0,1,2,1
3,58.88403619448136,5492.676047664879,0,1,0,0
23,61.284061300024284,2011.2602744926837,0,0,0,0
18,90.36857544864671,5740.225796802059,0,0,1,1
38,87.83983320809915,6598.024875635154,0,1,0,0
15,117.87122736706992,6451.27220966491,1,0,1,0
64,31.153626090139586,4464.757642522324,0,0,0,0
28,28.71301976310872,4209.342149254934,0,1,2,0
39,91.04605112143848,1228.7200945813527,0,0,0,1
57,76.37788515914411,6225.234588184771,1,1,1,0
17,45.80314698926049,2244.1341055290436,1,0,0,1
44,26.231646583393154,4023.8938402617778,0,0,2,0
25,26.85865408444127,2345.765334127382,1,0,1,0
17,108.11618290374389,1157.2440676975757,0,1,2,1
13,37.532666134233665,5073.505805444719,0,0,2,0
25,50.74884199260983,529.2230751009403,1,0,1,0
68,41.028968423812294,6014.29734959698,1,1,2,0
10,53.9271287361097,2608.9356825628215,0,1,2,1
67,25.227096195982384,101.06407473543403,0,0,0,0
18,70.41550898628117,4137.920199974115,1,1,2,0
34,25.045062641017598,470.1300773680647,0,0,2,0
8,98.68582903614734,2281.7395067851057,1,0,2,0
40,41.73806423199852,5685.1142509001575,0,1,2,1
42,72.52119741775331,595.2480108127404,1,1,1,0
41,106.69794829992655,6730.774089612419,0,1,0,0
6,83.66317558924301,130.17738900280656,0,0,2,0
52,71.8122575484092,2049.9085666950277,1,1,2,0
26,50.84554218809525,5953.142043601364,0,0,1,1
64,51.71669226234889,2598.5341828615237,0,1,2,0
59,85.5334389974181,904.9498657215069,1,0,1,1
56,118.16100580272733,2945.8479585233804,0,1,0,0
59,84.76483857986256,2236.106962437752,0,0,0,0
70,74.3072334456875,6757.424027068384,0,1,2,1
33,91.68037627904424,2575.448548922631,1,0,2,0
53,65.00316403451367,6332.566527030457,1,1,2,1
22,24.294305431378916,7145.789944004804,1,1,1,1
21,74.76082999572994,3527.157614654583,0,0,2,0
70,114.4913410927907,7288.550836449697,0,1,2,0
70,35.867945706944795,3080.8126263092236,0,0,0,1
4,87.59549152747691,7716.219490271855,0,0,2,0
62,38.44383571023518,805.3872437520262,1,1,0,0
62,72.10068228954466,5527.452205375617,0,0,2,0
24,27.965983189495322,4001.1309196097363,0,1,0,0
55,63.512279093947605,3162.4255630996117,0,1,2,1
9,94.24441455397223,5098.423842113947,1,0,0,0
3,53.1809381860177,5660.471023911216,0,1,1,0
31,85.07362831096542,134.46983023744178,0,0,0,0
40,98.19272105936778,1418.9294011028699,0,0,0,0
36,111.431370857685,5733.063800011118,0,1,0,0
24,41.83152922647308,5364.444767267831,0,1,2,1
6,58.38124953883547,7731.77529051655,1,0,2,0
66,33.567809339706955,6112.198542981186,0,0,2,1
4,117.99459196691672,7611.104391077571,0,1,1,1
6,111.41359727639168,5650.069962124975,0,1,1,0
51,72.51569159319624,2454.612448251601,0,1,0,0
62,102.87434608483034,932.3828857817662,0,1,1,0
57,70.60627671584024,6276.408520424991,0,0,0,0
66,80.92036164427735,5188.778849659736,0,1,0,1
8,27.20700542765967,480.66949790704024,0,0,0,1
26,94.1546772599292,2944.398680617729,0,0,1,0
51,31.0852051053411,7658.718542325861,0,1,2,0
45,101.2697968403791,4053.16905111059,1,0,1,1
44,96.84382281087379,3518.560174555667,1,1,0,1
5,89.47884212316913,3715.8268807584222,1,0,0,0
70,21.884118242738595,1750.1735196407933,1,1,1,0
26,48.71439977250553,3012.786649831882,0,0,0,0
68,44.69281327603971,3021.5247222986955,1,0,0,1
19,54.44370895088767,513.604659481032,1,1,1,0
20,27.058096049765773,6163.784265291554,0,1,1,0
12,112.41426121462182,3390.385012040644,1,0,1,0
47,73.90712519159382,6595.221105849744,1,0,0,0
1,48.95519322113137,6817.749208847174,0,1,0,0
14,58.146642465965485,1774.7530321193988,0,0,2,1
64,63.193855320735985,5293.092509144016,0,1,2,0
38,78.60973050274204,3831.0262528875555,1,0,1,0
37,70.07578248349802,7053.238229579732,1,1,2,0
11,110.64889330804894,1804.3513654939875,0,0,0,0
3,68.19483003203594,5454.72428244935,0,1,2,0
33,117.96188048974292,4901.241765796508,1,1,0,0
6,103.81820825338212,2432.881672817479,0,0,1,0
50,39.205306692912245,1179.1471388442637,1,1,1,0
10,111.77481907171358,5247.954107770485,0,0,0,0
5,29.944822987490348,5934.9199192454125,0,1,2,0
23,100.40369570336476,2593.456015730465,1,1,1,1
10,56.5026409943963,5194.177571776279,0,1,1,1
44,106.48641920472949,3221.5341701308757,0,0,2,0
2,105.48969735579875,5734.33437793268,0,1,2,0
13,99.24550271182092,1673.8006716630196,1,0,0,1
40,97.64805884885966,7132.698520825777,0,1,2,0
2,48.870253479353096,2370.5358120780797,0,0,2,1
65,26.382387946650844,3005.509303273608,0,0,2,1
63,58.74950796589873,558.9264214347634,0,0,0,0
17,35.68921375614412,980.9464773380835,0,1,0,0
9,88.0925844346974,4175.309031427392,0,0,1,1
15,53.03302251704745,2213.9821461509746,1,1,0,0
24,116.29882518642145,6700.293783363336,1,0,1,0
38,82.66769377320587,216.07777037413535,0,0,2,0
35,100.90929664525328,3094.842984508296,1,0,1,0
49,31.568729610555767,2765.029819475832,1,0,1,0
69,104.88245546839856,252.68828424904817,0,1,2,1
62,110.98709764659613,1082.5103521040307,1,0,1,1
60,67.19972284130306,3367.7771318572186,1,0,0,0
50,79.17842024397324,3993.6302171348284,1,1,0,0
9,95.11338499075104,3293.8890033134658,1,0,0,0
34,35.82128203967146,4294.407659455541,1,0,0,0
35,68.75789068457595,4801.540231754884,1,0,1,0
1,58.31563429111747,178.39818690990148,1,0,1,1
40,32.96058621230603,3766.3517596826805,1,1,2,1
64,55.18720944029891,7711.6440030119475,0,1,1,0
22,25.101317093242102,4200.355013023435,0,0,1,0
60,20.84409664842344,5452.58391292573,1,1,1,0
64,31.834212060059688,2563.7244775433774,1,1,2,0
11,115.04306871471198,6214.531887406824,0,0,0,0
14,73.4777183574492,6206.07970682131,1,1,1,0
60,115.31512719589861,4218.238776467698,1,0,2,1
30,61.71603677217826,7810.509203905787,0,1,2,0
35,49.58752137506859,1091.8466966249616,0,1,2,0
37,69.11725721544454,233.88655262768984,0,1,0,1
5,62.42092470760747,6184.249872881058,1,0,1,0
26,28.869300768305266,6476.5287451825725,1,1,2,0
62,82.65304462636573,1049.6371100525523,0,0,0,0
4,39.961837342214764,2198.104380372988,0,0,2,0
42,80.51858946723188,238.66367059636838,1,1,2,1
18,83.59520978601441,2417.138025166461,0,0,2,0
40,33.528497739429135,6207.820803957505,1,1,2,1
39,24.41563752462215,4191.888168929374,1,0,2,0
14,96.7165393998782,2849.955186029476,0,0,0,0
32,64.45994258881669,3036.740429760009,0,1,1,1
51,24.095461448300316,110.69364315219842,1,1,1,0
38,118.2340648755616,2468.4241677653636,0,1,1,0
23,24.056946380134846,5207.024058939651,0,1,1,0
63,88.1010405002846,7796.136106149222,0,0,0,0
15,117.10973198897307,6791.780533172806,0,0,0,0
25,42.28760047370052,286.40022069968006,1,0,0,0
17,32.54606155306322,7198.628776931231,1,1,2,0
66,30.449186411954102,6287.267465059145,1,0,2,0
53,48.72915233054336,6264.971376210745,1,1,2,1
51,28.405104006569992,3718.1664961282145,0,0,1,0
39,87.81221484026025,3244.241814340572,0,1,2,1
51,24.5103257120713,2493.0342577822216,1,0,1,0
70,69.44692387905386,618.9893857394896,1,0,2,0
6,118.41803381222417,1903.059371600223,0,1,1,1
67,100.05401208535488,2048.1687163263946,1,0,2,0
7,80.07955354221659,3924.2088507105927,1,1,2,1
51,49.02848888905447,6004.810812113882,0,0,0,0
42,80.95153154730966,3843.097644343778,1,0,2,0
64,71.21766712312099,556.9711506325688,0,1,2,0
15,61.07138008098234,7666.539427806811,0,1,0,0
29,31.386392862390046,7547.522120843487,1,0,1,1
33,107.35372363166691,6302.997390872426,0,0,0,0
27,63.45335720654291,7931.490422357342,1,0,0,1
36,37.809562437986884,4401.410429122077,0,0,1,1
29,55.20981476316761,7705.869967000328,1,0,2,0
38,59.87004012915717,697.2798208723311,1,0,1,0
57,101.41755850447086,2988.8779112648335,1,1,2,1
27,91.97824524642091,1880.51201725345,0,1,2,1
55,95.56514181095466,1647.0813646607332,0,1,1,0
33,19.358642075079047,1212.343296252141,1,0,0,0
68,60.07347681706603,5017.067768371374,0,0,1,0
66,66.62508723935002,6272.44266040371,1,0,2,0
10,20.1788238207172,4668.5573554208495,1,1,1,0
5,44.36122747887594,1261.0054057468565,0,1,1,1
38,94.65912722377456,6507.87778247442,1,0,2,0
13,32.029525425764405,5124.042186593455,0,0,0,0
31,72.04866821098545,3166.5090784032645,1,1,1,0
47,39.87778813773237,5425.629334734897,0,1,2,0
52,19.468137851711273,2153.2493360183794,1,1,2,0
56,42.49074648875391,2827.018447104263,1,0,1,0
15,116.3253123684604,7348.138160742723,0,0,0,0
29,98.80447974424045,2394.985594804221,1,0,1,0
8,114.68745275426386,3812.9073184476993,1,1,0,0
5,67.27933141459943,7132.114985428516,0,1,0,1
29,29.278487967089102,5690.998667113467,1,0,0,0
47,73.31992864185614,591.4054867011517,0,0,0,0
68,63.91492212327607,1263.6940498038657,1,1,1,0
45,103.1078868153314,161.94856709814286,0,0,2,1
2,28.107299368816584,5084.282142810391,1,1,2,0
27,67.3182342706887,3636.6200607423048,1,1,2,0
36,33.32989080174542,1160.7713221279766,1,0,2,1
36,50.87993065245103,7667.679556348487,0,1,2,0
26,92.35438627747386,4284.311819170397,0,0,2,0
43,66.08982200156103,2010.9570234918244,0,1,1,0
27,56.02677265714982,4054.7682121221897,0,1,0,0
69,57.89486599628855,5469.000628607351,1,0,2,0
20,64.42440022480166,702.2898219911593,1,1,1,1
11,97.14416265562421,2270.1601388783465,0,0,2,0
38,107.90451123849355,6475.02737798355,0,0,2,1
6,114.26113599364479,3731.3524761810236,0,1,0,0
23,97.33379031865715,4417.95942205513,1,0,0,1
47,49.948393022675276,3519.246417454807,0,0,0,0
46,87.40753796169749,446.8095468797404,0,0,2,0
12,62.22911396756689,1409.4232605792317,1,0,2,0
13,43.844397515628145,3619.7789460609383,1,0,2,1
62,102.75759373230522,1752.5651767226298,0,0,0,0
60,22.111848070713663,494.83432641146203,1,1,1,0
43,108.87708020961006,6764.832346009407,0,0,2,0
68,64.62848519478578,7851.420980396515,1,1,2,0
5,82.28874841923218,6365.828704574242,0,1,2,0
37,84.51506918168116,6844.90088146687,0,0,1,0
31,108.2093329410069,2011.6193295046585,0,1,2,0
9,82.23530305780434,7688.953106554278,0,1,1,0
51,79.95032526838621,1655.7130651820842,1,0,2,0
29,24.948530076349343,7616.295501858475,1,0,1,0
40,70.350006205493,7959.0724223310135,1,0,2,1
41,33.34198458211269,5722.610165393785,1,1,0,0
11,92.3620937565093,7851.035481155393,0,1,0,0
23,69.72830304167378,4599.364258580119,0,0,0,0
1,86.6128918104395,2150.3800870911136,1,0,0,1
46,22.438126510539618,3552.267496758405,1,1,2,1
21,26.771597612603223,4789.131389492409,1,1,0,1
36,90.24050050029956,677.3443400134184,1,1,1,0
54,25.494475767866675,5016.511790476244,1,1,0,0
57,25.41130114040849,7851.304910422126,0,0,0,0
1,19.46690176110619,1601.8504332914483,0,1,0,0
63,114.37839052909776,6361.501418678228,0,1,2,0
54,92.3695901256302,7272.400470858993,1,1,0,1
55,53.75176655445745,7555.242583279744,1,1,1,1
40,48.05182591940935,7685.071274803033,1,0,0,1
15,53.39517458945788,4219.531145899628,1,0,0,0
21,96.10267988370877,7820.732473132879,0,1,0,0
47,84.71774641257664,6082.750636362067,0,1,1,0
53,36.86215457068053,1377.204346271999,1,0,0,0
9,35.74798820107547,3867.510841096963,0,0,1,1
52,28.13876279619643,5774.816285438831,0,1,1,0
57,84.61042332998449,2053.9884949707584,1,1,0,0
26,95.06945255328446,5160.85995003621,1,0,1,0
41,44.887166046662905,5366.143784468292,1,0,2,0
35,20.354968583606738,1385.3279760876705,1,0,0,1
63,26.508252581380948,4564.173968376775,1,0,0,0
25,115.51993350192556,6195.852596731001,1,0,1,1
38,47.942200136480736,4041.275749833941,0,0,1,0
2,95.55692635773242,195.61462253124864,0,1,0,0
7,81.02868866985351,171.4039057264082,1,0,2,1
34,56.63493378511604,2920.5318173630963,0,0,1,0
17,38.921569850653285,7416.933140611078,1,0,1,1
43,30.449335025020346,1906.5465588685092,1,0,2,0
59,80.0588032879061,5111.473142086328,1,1,2,0
51,96.10069495409769,1854.3993784772326,1,1,0,0
54,82.96237748088363,2641.1929183104344,0,0,2,1
24,71.5453643915404,6799.5325078517235,1,1,0,0
25,22.466097954879444,5858.00539393258,0,1,2,1
71,115.58312214823557,853.654290774364,1,1,1,0
52,98.52077626128475,3486.7459657928257,1,1,0,0
70,47.678614688446956,330.44113279758926,1,1,0,0
33,116.73701810056448,3899.032158163771,0,1,0,0
49,78.73909975845038,5333.228692438438,1,0,2,0
29,76.78347714982827,1036.1707264253973,1,0,1,1
63,93.43135453266798,2382.191017382409,1,0,0,0
22,99.83286370305882,3242.9093414670397,0,0,0,0
26,84.22610003681602,7364.295094782793,0,0,0,0
28,31.123622509803102,7946.7146218414155,0,1,0,0
49,52.24588435244709,454.79926206536527,1,0,1,0
71,111.522405852768,6111.962595613597,0,0,2,0
49,40.82386899030712,3036.6201245785114,1,1,1,0
20,55.652785895670085,3200.4196712128924,0,1,0,0
63,61.6737267358917,6058.6932894414795,0,0,1,0
61,62.41020146429244,7355.568813948728,1,1,0,0
49,79.85042804069982,7612.335896570133,0,1,2,0
71,113.02912169334311,4659.2684297027345,1,1,2,0
1,42.43961753916675,2921.257158473972,1,1,2,0
13,30.460888318242265,6321.6377782843565,0,0,0,1
51,38.0957842309237,2082.910927772172,1,1,1,1
56,107.38595247103159,4556.18482778479,1,0,2,1
62,83.1539866718482,2932.769846046498,0,0,0,0
32,46.9836323185356,5287.385482292221,0,1,0,1
30,100.25266736634603,1999.1514118587045,1,1,1,1
29,104.81768463452532,1613.5842713051236,0,1,2,1
49,103.32469103837295,7354.088784735953,1,0,0,0
45,110.60211663077523,904.2490953013415,1,1,1,0
30,43.600222527422844,4097.06747110596,0,1,2,1
16,94.13171383900097,1844.7369854077704,0,1,1,0
40,64.53421947605108,407.5467102727728,0,1,1,0
19,102.87085456545118,384.5486645022685,0,1,0,0
18,91.46331305474213,1484.251999636036,1,0,0,0
1,96.28296837322233,6947.485800597402,1,1,0,0
47,84.19426468694769,2331.5820774185104,0,1,1,0
66,36.08159133170554,7608.627447544836,0,1,0,0
38,73.02520534914231,4694.816114614629,1,0,1,0
51,117.20930882221307,3549.252099173252,1,1,1,0
63,112.45750068296046,4682.701793888691,1,0,0,0
4,22.588960447599675,4181.917243287515,1,0,2,0
1,34.81388898080843,6094.332404682868,0,1,2,0
8,31.48874173218347,2331.718921185533,1,1,2,1
29,91.2109809535222,2889.098093642389,1,1,1,0
55,100.43742565062298,7163.344990012681,0,0,1,0
3,39.707892314222526,7577.006453888203,1,0,1,0
32,69.08819564165881,7151.209997143149,1,0,0,1
10,102.7406543151256,3413.6391522627773,0,0,1,0
34,91.89655524900819,6264.887473754366,0,0,0,0
55,72.74483915193076,3863.0522930786806,0,0,0,0
32,77.57994289110667,4030.5648319542074,1,1,2,0
50,69.34023496508614,1716.9728615525432,1,1,2,1
7,48.15361935754147,4769.92939574228,0,0,2,1
8,75.03471028233112,1570.4735922514487,0,1,0,0
65,87.48297285603411,2719.361122630831,1,1,0,0
57,106.01895304401117,6854.738592797487,0,0,0,0
67,82.19728107491443,1735.8988927657563,0,0,1,0
59,94.74271447283738,662.1504528701192,0,1,0,0
54,34.33719931293459,645.1599816412488,1,0,2,0
67,64.63652617918888,7532.1977119745525,1,0,2,0
51,19.187827792622876,4104.671459898494,1,1,0,0
8,43.04122588442311,3334.3553673544448,1,0,0,1
34,91.25940236885698,6505.940789962556,1,1,2,0
35,117.92690011061103,6703.0248304930765,1,1,0,1
32,28.217399008515198,2724.3091616132765,0,1,2,1
